class_f,n,length
Degraded,34963,902123.1364194109
Intact,103645,1029956.4936253796
