class_f,n,length
Degraded,18749,554848.7599329621
Intact,119859,871729.9713369816
