class_f,n,length
Degraded,2789,371460.6281816571
Intact,135819,1055118.1030882867
