class_f,n,length
Degraded,24392,1245901.2310854518
Intact,114216,1888743.750583125
